status,prazo,dias_restantes,compatibilidade,score,uf,titulo,salario,vagas,inscricoes,provas_etapas,motivo_relevancia,fonte,link_oficial,link_fonte,primeira_deteccao,ultima_alteracao,notificado_em
ENCERRA HOJE,2026-09-22,0,Alta,13,SP,Prefeitura de Olímpia - SP reabre inscrições para o concurso público com salários de até R$ 9 mil,R$ 9,"1 vaga, 5 vagas, 2 vagas","Agora, as inscrições poderão ser realizadas no período de 3 a 22 de setembro de 2026, até às 23h59, pelo site",O documento ainda informa alteração nas datas previstas para a realização das provas.,"crbio, fiscal ambiental, pesquisador",PCI Concursos,https://www.olimpia.sp.gov.br/,https://www.pciconcursos.com.br/noticias/prefeitura-de-olimpia-sp-reabre-inscricoes-para-o-concurso-publico-com-salarios-de-ate-9-mil,2026-09-18T15:07:23.693325+00:00,2026-09-21T17:10:58.180855+00:00,2026-09-21T17:10:59.979097+00:00
ENCERRA HOJE,2026-09-22,0,Alta,13,GO,Prefeitura de Porangatu - GO abre processo seletivo para profissionais de nível superior,"R$ 20,89 a R$ 3.242,00","10 vagas, CR, 1 vaga","As inscrições serão realizadas exclusivamente de forma presencial, entre os dias 16 e 22 de setembro de 2026, das 7h30 às 17h30, no protocolo da sede da Prefeitura Municipal de Porangatu, situada no Palácio das Araras (antigo SENAC), na Avenida Brasília, nº 30, Setor Leste, Porangatu-GO.",,"ciências biológicas, analista ambiental",PCI Concursos,https://www.porangatu.go.gov.br/,https://www.pciconcursos.com.br/noticias/prefeitura-de-porangatu-go-abre-processo-seletivo-para-profissionais-de-nivel-superior,2026-09-17T15:38:52.980079+00:00,2026-09-17T15:38:52.980079+00:00,2026-09-17T15:38:54.390907+00:00
ENCERRA HOJE,2026-09-22,0,Possível,6,MG,CIDES - MG abre seleção para Analista Ambiental e Fiscal de Defesa do Consumidor,"R$ 3.541,67 a R$ 612,26","cadastro de reserva, 1 vaga, 10 vagas","As inscrições serão gratuitas e deverão ser realizadas exclusivamente via internet, por meio dos links disponíveis no edital, entre os dias 8 e 22 de setembro de 2026.",,"analista ambiental, meio ambiente",PCI Concursos,https://www.cides.com.br/,https://www.pciconcursos.com.br/noticias/cides-mg-abre-selecao-para-analista-ambiental-e-fiscal-de-defesa-do-consumidor,2026-09-18T23:25:51.479451+00:00,2026-09-18T23:25:51.479451+00:00,2026-09-18T23:25:52.711760+00:00
ENCERRA EM ATÉ 3 DIAS,2026-09-23,1,Alta,13,SC,CIGAMVALI - SC abre processo seletivo para Analistas Ambientais,"R$ 7.186,23","cadastro de reserva, 1 vaga, 300 vagas","As inscrições serão realizadas por e-mail, no endereço seletivo@cigamvali.sc.gov.br, no período de 9 a 23 de setembro de 2026, às 23h59.",,"ciências biológicas, analista ambiental",PCI Concursos,https://www.cigamvali.atende.net/,https://www.pciconcursos.com.br/noticias/cigamvali-sc-abre-processo-seletivo-para-analistas-ambientais,2026-09-14T01:32:51.154803+00:00,2026-09-17T15:38:52.980116+00:00,2026-09-17T15:38:55.398717+00:00
ENCERRA EM ATÉ 3 DIAS,2026-09-23,1,Boa,10,SP,Prefeitura de Andradina - SP retifica concurso público para profissionais da educação,"R$ 7.341,23","cadastro de reserva, CR, 3 vagas","As inscrições estarão abertas exclusivamente pela internet, de 24 de agosto de 2026, às 10h, até 23 de setembro de 2026, às 23h59, no site","A seleção ocorrerá por meio de prova objetiva (prevista para o dia 18 de outubro de 2026) no município de Andradina e, caso necessário, em cidades próximas.","crbio, pesquisador",PCI Concursos,https://andradina.sp.gov.br/,https://www.pciconcursos.com.br/noticias/prefeitura-de-andradina-sp-retifica-concurso-publico-para-profissionais-da-educacao,2026-09-21T17:10:58.180915+00:00,2026-09-21T17:10:58.180915+00:00,2026-09-21T17:11:00.882257+00:00
ENCERRA EM ATÉ 3 DIAS,2026-09-23,1,Possível,6,MG,"Prefeitura de Paracatu - MG prorroga inscrições do concurso público com salários de até R$ 9.600,00","R$ 9.600,00","00 Oportunidades, cadastro de reserva, 40 vagas","Com a retificação do cronograma, o período de inscrições/solicitação de condições especiais/envio de laudos foi prorrogado até o dia 22 de setembro de 2026, e a data limite para pagamento do boleto passou a ser dia 23 de setembro de 2026.",Também foi alterado o período de inscrição e a data prevista para a aplicação das provas.,"analista ambiental, meio ambiente",PCI Concursos,https://www.paracatu.mg.gov.br/,https://www.pciconcursos.com.br/noticias/prefeitura-de-paracatu-mg-prorroga-inscricoes-do-concurso-publico-com-salarios-de-ate-9600,2026-09-22T15:39:00.763292+00:00,2026-09-22T15:39:00.763292+00:00,2026-09-22T15:39:02.050971+00:00
ENCERRA EM ATÉ 3 DIAS,2026-09-25,3,Alta,16,SP,"Prefeitura de Anhembi - SP abre concurso público com salários de até R$ 6.407,17","R$ 6.407,17","cadastro de reserva, 1 vaga, CR",As inscrições estarão abertas das 10h do dia 1º de setembro de 2026 até às 16h do dia 25 de setembro de 2026 pelo site,"A seleção será composta por prova objetiva para todos os cargos, prevista para os dias 11 e 18 de outubro de 2026.","crbio, analista de meio ambiente, conservação, meio ambiente, pesquisador",PCI Concursos,https://www.anhembi.sp.gov.br/,https://www.pciconcursos.com.br/noticias/prefeitura-de-anhembi-sp-abre-concurso-publico-com-salarios-de-ate-6407,2026-09-14T01:32:51.154812+00:00,2026-09-21T17:10:58.180929+00:00,2026-09-21T17:11:01.780132+00:00
ENCERRA EM ATÉ 7 DIAS,2026-09-27,5,Boa,9,SP,"Processo seletivo ADE SAMPA (SP) remunera R$ 4,5 mil para nível superior",R$ 4,cadastro reserva,"As inscrições ficarão abertas entre os dias 21 e 27 de setembro de 2026, com encerramento às 23h59 do último dia.","A prova técnica, que é online, está prevista para 8 de outubro de 2026, das 14h às 17h.",crbio,Concursos no Brasil,https://adesampa.com.br/adeeditais/edital-06-2026-selecao-publica/,https://concursosnobrasil.com/concursos/sp/2026/09/21/processo-seletivo-ade-sampa-sp-remunera-r-45-mil-para-nivel-superior,2026-09-21T17:10:58.180942+00:00,2026-09-21T17:10:58.180942+00:00,2026-09-21T17:11:02.705315+00:00
ENCERRA EM ATÉ 7 DIAS,2026-09-28,6,Boa,10,SP,Prefeitura de Ourinhos - SP abre processo seletivo para professores adjuntos,"R$ 23,95","cadastro de reserva, 100 vagas, 200 vagas","As inscrições devem ser realizadas de 17 de setembro de 2026, às 9h, até 28 de setembro de 2026, às 23h59, pelo site",As provas estão previstas para o dia 1º de novembro de 2026.,"crbio, pesquisador",PCI Concursos,https://www.ourinhos.sp.gov.br/,https://www.pciconcursos.com.br/noticias/prefeitura-de-ourinhos-sp-abre-processo-seletivo-para-professores-adjuntos,2026-09-21T17:10:58.180952+00:00,2026-09-21T17:10:58.180952+00:00,2026-09-21T17:11:03.605640+00:00
ABERTO - ATÉ 30 DIAS,2026-10-02,10,Boa,10,,UNESP abre concursos para professores substitutos em Ilha Solteira,"R$ 2.106,04 a R$ 3.511,90","1 vaga, 4 vagas, cadastro de reserva","As inscrições estarão abertas das 9h do dia 18 de setembro de 2026 às 17h do dia 2 de outubro de 2026, pelo site",,"crbio, pesquisador",PCI Concursos,https://www.unesp.br/,https://www.pciconcursos.com.br/noticias/unesp-abre-concursos-para-professores-substitutos-em-ilha-solteira,2026-09-21T17:10:58.180963+00:00,2026-09-21T17:10:58.180963+00:00,2026-09-21T17:11:04.509724+00:00
ABERTO - ATÉ 30 DIAS,2026-10-02,10,Boa,9,MG,Prefeitura de Carmo da Mata - MG divulga retificação de concurso público,"R$ 3.886,53","cadastro de reserva, 2 vagas, 1 vaga","As inscrições poderão ser realizadas do dia 2 de setembro de 2026, às 10h, até 2 de outubro de 2026, às 16h, pelo site","Candidatos que comprovarem insuficiência financeira poderão solicitar isenção do pagamento da taxa no período entre as 10h do dia 2 de setembro de 2026 e as 16h do dia 8 de setembro de 2026, pelo site do processo seletivo.","analista ambiental, fiscal ambiental, meio ambiente",PCI Concursos,https://www.carmodamata.mg.gov.br/,https://www.pciconcursos.com.br/noticias/prefeitura-de-carmo-da-mata-mg-divulga-retificacao-de-concurso-publico,2026-09-14T01:32:51.154821+00:00,2026-09-18T23:25:51.479532+00:00,2026-09-18T23:25:53.706613+00:00
ABERTO - ATÉ 30 DIAS,2026-10-02,10,Boa,9,MG,"Prefeitura de Dores do Indaiá - MG retifica edital de concurso público com salários de até R$ 18.702,17","R$ 18.702,17","17 Oportunidades, 158 vagas, 2 vagas","As inscrições deverão ser realizadas no período de 2 de setembro de 2026, às 9h, até 2 de outubro de 2026, às 16h, pelo site",As provas objetivas têm aplicação prevista para o dia 1º de novembro de 2026.,"analista ambiental, fiscal ambiental, meio ambiente",PCI Concursos,https://www.doresdoindaia.mg.gov.br/,https://www.pciconcursos.com.br/noticias/prefeitura-de-dores-do-indaia-mg-retifica-edital-de-concurso-publico-com-salarios-de-ate-18702,2026-09-14T01:32:51.154833+00:00,2026-09-18T23:25:51.479553+00:00,2026-09-18T23:25:54.719903+00:00
ABERTO - ATÉ 30 DIAS,2026-10-07,15,Boa,10,,UNESP abre vagas para professores substitutos no campus de São José do Rio Preto,"R$ 2.106,04 a R$ 3.511,90","1 vaga, cadastro de reserva, 100 vagas",As inscrições estarão abertas das 9h do dia 23 de setembro de 2026 às 17h do dia 7 de outubro de 2026 pelo site,,"crbio, pesquisador",PCI Concursos,https://www.unesp.br/,https://www.pciconcursos.com.br/noticias/unesp-abre-vagas-para-professores-substitutos-no-campus-de-sao-jose-do-rio-preto,2026-09-21T17:10:58.181003+00:00,2026-09-21T17:10:58.181003+00:00,2026-09-21T17:11:05.419882+00:00
ABERTO - ATÉ 30 DIAS,2026-10-08,16,Alta,17,MG,"Prefeitura de Ipaba - MG retifica edital de concurso público com salários de até R$ 5.275,34","R$ 5.275,34","34 Oportunidades, 4 vagas, 5 vagas","As inscrições devem ser realizadas de 9 de setembro de 2026, às 9h, até 8 de outubro de 2026, às 16h, exclusivamente pelo site","A seleção será composta por prova objetiva de múltipla escolha para todos os cargos, prevista para o dia 6 de dezembro de 2026.","biólogo, analista ambiental, fiscal ambiental, meio ambiente",PCI Concursos,https://www.ibgpconcursos.com.br/,https://www.pciconcursos.com.br/noticias/prefeitura-de-ipaba-mg-retifica-edital-de-concurso-publico-com-salarios-de-ate-5275,2026-09-14T01:32:51.154842+00:00,2026-09-18T23:25:51.479575+00:00,2026-09-18T23:25:55.714615+00:00
ABERTO - ATÉ 30 DIAS,2026-10-09,17,Alta,17,MT,"Prefeitura de Canarana - MT abre processo seletivo com salários de até R$ 8.214,61","R$ 8.214,61","61 Oportunidades, cadastro de reserva, 60 vagas","As inscrições poderão ser realizadas entre os dias 1º e 9 de outubro de 2026, até às 17h, por meio dos links descritos no edital.","A seleção será composta por prova objetiva, prevista para o dia 22 de novembro de 2026.","ciências biológicas, analista ambiental, meio ambiente, professor de ciências",PCI Concursos,https://www.canarana.mt.gov.br/,https://www.pciconcursos.com.br/noticias/prefeitura-de-canarana-mt-abre-processo-seletivo-com-salarios-de-ate-8214,2026-09-14T01:32:51.154852+00:00,2026-09-16T23:43:28.826042+00:00,2026-09-16T23:43:30.661009+00:00
ABERTO - ATÉ 30 DIAS,2026-10-13,21,Alta,20,SP,UNESP abre concursos para professores substitutos no campus de Assis - SP,"R$ 2.106,04 a R$ 3.511,90","1 vaga, cadastro de reserva, 100 vagas","As inscrições estarão abertas das 0h do dia 28 de setembro de 2026 às 17h do dia 13 de outubro de 2026, pelo site",,"ciências biológicas, crbio, zoologia, pesquisador",PCI Concursos,https://www.unesp.br/,https://www.pciconcursos.com.br/noticias/unesp-abre-concursos-para-professores-substitutos-no-campus-de-assis-sp,2026-09-22T15:39:00.763467+00:00,2026-09-22T15:39:00.763467+00:00,2026-09-22T15:39:02.906401+00:00
ABERTO - ATÉ 30 DIAS,2026-10-13,21,Alta,12,AP,Concurso SESA (AP) abre 4.210 vagas com salário de até R$ 11 mil,R$ 11,"210 vagas, cadastro de reserva, 800 vagas","As inscrições podem ser feitas do dia 14 de setembro ao dia 13 de outubro de 2026, exclusivamente pela internet, no","A prova objetiva está prevista, de forma preliminar, para o dia 20 de dezembro de 2026, e será aplicada obrigatoriamente em","biólogo, ecologia",Concursos no Brasil,https://radiosnobrasil.com/,https://concursosnobrasil.com/concursos/ap/2026/09/11/concurso-sesa-ap-abre-4-210-vagas-com-salario-de-ate-r-11-mil,2026-09-14T01:32:51.154864+00:00,2026-09-14T01:32:51.154864+00:00,2026-09-14T01:33:31.286709+00:00
ABERTO - ATÉ 30 DIAS,2026-10-14,22,Possível,6,MT,SEMA - MT abre concurso para Analistas de Meio Ambiente e de Desenvolvimento Econômico e Social,"R$ 10.491,97","cadastro de reserva, 60 vagas","As inscrições serão realizadas das 10h do dia 17 de setembro de 2026 às 16h do dia 14 de outubro de 2026, pelo site da Fundação Cesgranrio (",A aplicação das provas está prevista para o dia 13 de dezembro de 2026.,"analista de meio ambiente, meio ambiente",PCI Concursos,https://www.sema.mt.gov.br/,https://www.pciconcursos.com.br/noticias/sema-mt-abre-concurso-para-analistas-de-meio-ambiente-e-de-desenvolvimento-economico-e-social,2026-09-14T01:32:51.154873+00:00,2026-09-16T23:43:28.826072+00:00,2026-09-16T23:43:31.597437+00:00
ABERTO - ATÉ 30 DIAS,2026-10-21,29,Alta,18,MT,"CRBio-01 - SP, MT e MS abre concurso público com salários de até R$ 7.181,50","R$ 7.181,50","50 Oportunidades, cadastro de reserva, 1 vaga","As inscrições poderão ser realizadas entre 21 de setembro de 2026, às 10h, e 21 de outubro de 2026, às 23h, no site","A seleção será composta por prova objetiva e prova discursiva, ambas de caráter eliminatório e classificatório, previstas para serem aplicadas em 29 de novembro de 2026.","biólogo, crbio, pesquisador",PCI Concursos,https://www.crbio01.gov.br/,https://www.pciconcursos.com.br/noticias/crbio-01-sp-mt-e-ms-abre-concurso-publico-com-salarios-de-ate-7181,2026-09-22T15:39:00.763483+00:00,2026-09-22T15:39:00.763483+00:00,2026-09-22T15:39:03.857101+00:00
ABERTO - ATÉ 30 DIAS,2026-10-22,30,Boa,10,SP,Prefeitura de Itatiba - SP abre seleção para professores,"R$ 5.356,52","cadastro de reserva, CR, 200 vagas","As inscrições serão realizadas de 21 de setembro de 2026 a 22 de outubro de 2026, pelo site do","O processo seletivo será composto por prova objetiva, prevista para o dia 22 de novembro de 2026.","crbio, pesquisador",PCI Concursos,https://www.imais.org.br/,https://www.pciconcursos.com.br/noticias/prefeitura-de-itatiba-sp-abre-selecao-para-professores,2026-09-22T15:39:00.763498+00:00,2026-09-22T15:39:00.763498+00:00,2026-09-22T15:39:04.735566+00:00
ABERTO,2026-11-10,49,Boa,9,,Marinha abre 2 editais de seletivo com vagas no 6º Distrito Naval,R$ 9,"16 vagas, 807 vagas","O período de inscrição no certame ficará aberto até as 23h59 do dia 10 de novembro de 2026, de acordo com o horário oficial de","A prova está prevista para ser aplicada no dia 21 de fevereiro de 2027, com duração de três horas.",crbio,Concursos no Brasil,https://www.marinha.mil.br/com6dn/SMV_Oficiais,https://concursosnobrasil.com/concursos/ms/2026/09/21/marinha-abre-2-editais-de-seletivo-com-vagas-no-6o-distrito-naval,2026-09-21T17:10:58.181054+00:00,2026-09-21T17:10:58.181054+00:00,2026-09-21T17:11:06.341084+00:00
ABERTO,2026-11-17,56,Alta,14,MG,"Prefeitura de Contagem - MG abre concurso público com salários de até R$ 13.305,57","R$ 13.305,57","57 Oportunidade, 150 vagas, 20 vagas","As inscrições devem ser realizadas entre 19 de outubro de 2026, às 9h, e 17 de novembro de 2026, às 16h, pelo site","A seleção será composta por prova objetiva para todos os cargos, prevista para o dia 24 de janeiro de 2027, em Contagem/MG, podendo ocorrer também em cidades vizinhas caso necessário.","biólogo, analista ambiental, meio ambiente",PCI Concursos,https://www.ibgpconcursos.com.br/,https://www.pciconcursos.com.br/noticias/prefeitura-de-contagem-mg-abre-concurso-publico-com-salarios-de-ate-13305,2026-09-14T01:32:51.154885+00:00,2026-09-18T23:25:51.479614+00:00,2026-09-18T23:25:56.731138+00:00
ABERTO,2026-11-29,68,Boa,10,PR,Concurso Prefeitura de Nova Tebas (PR) abre 37 vagas em edital,R$ 18,"37 vagas, cadastro reserva, 800 vagas","Os inscritos neste concurso público serão avaliados por meio de provas objetivas, de caráter classificatório e eliminatório, previstas para serem aplicadas em 29 de novembro de 2026.","Os inscritos neste concurso público serão avaliados por meio de provas objetivas, de caráter classificatório e eliminatório, previstas para serem aplicadas em 29 de novembro de 2026.",biólogo,Concursos no Brasil,https://main.institutounifil.com.br/concurso/196,https://concursosnobrasil.com/concursos/pr/2026/09/11/concurso-prefeitura-de-nova-tebas-pr-abre-37-vagas-em-edital,2026-09-14T01:32:51.154894+00:00,2026-09-14T01:32:51.154894+00:00,
ABERTO,2026-12-04,73,Boa,10,SP,"SETEC Campinas - SP abre concurso público com salários de até R$ 10.428,05","R$ 10.428,05","05 Oportunidades, cadastro de reserva, 6 vagas","As inscrições estarão abertas de 8 de setembro de 2026 a 4 de dezembro de 2026, pelo site",As provas objetivas estão previstas para 17 de janeiro de 2027.,"crbio, pesquisador",PCI Concursos,https://setec.sp.gov.br/https:/setec.sp.gov.br/,https://www.pciconcursos.com.br/noticias/setec-campinas-sp-abre-concurso-publico-com-salarios-de-ate-10428,2026-09-21T17:10:58.181076+00:00,2026-09-21T17:10:58.181076+00:00,2026-09-21T17:11:07.238400+00:00
ABERTO,2026-12-14,83,Boa,10,,USP abre concursos públicos para professores titulares em diversas áreas de atuação,"R$ 24.309,11","1 vaga, cadastro de reserva, 100 vagas","As inscrições poderão ser realizadas das 8h do dia 17 de junho de 2026 até às 16h do dia 14 de dezembro de 2026, exclusivamente pelo site",,"crbio, pesquisador",PCI Concursos,https://www5.usp.br/,https://www.pciconcursos.com.br/noticias/usp-abre-concursos-publicos-para-professores-titulares-em-diversas-areas-de-atuacao,2026-09-21T17:10:58.181086+00:00,2026-09-21T17:10:58.181086+00:00,2026-09-21T17:11:08.147946+00:00
SEM PRAZO,,,Alta,22,MT,Prefeitura de Água Boa - MT abre processo seletivo para cadastro de reserva,"R$ 9.893,08","cadastro de reserva, 60 vagas",As inscrições devem ser realizadas pelo site,"A seleção será composta por prova objetiva de conhecimentos específicos para todos os cargos, prevista para o dia 15 de novembro de 2026.","biólogo, ciências biológicas, meio ambiente, professor de ciências",PCI Concursos,https://www.aguaboa.mt.gov.br/,https://www.pciconcursos.com.br/noticias/prefeitura-de-agua-boa-mt-abre-processo-seletivo-para-cadastro-de-reserva,2026-09-18T15:07:23.693485+00:00,2026-09-18T15:07:23.693485+00:00,2026-09-18T15:07:27.566032+00:00
SEM PRAZO,,,Alta,18,SP,Fundação Santo André - SP abre concurso público para o cargo de Professor Colaborador Nível I,"R$ 42,48","10 vagas, cadastro de reserva, 100 vagas","As inscrições deverão ser realizadas exclusivamente via internet, no endereço","A seleção será composta por prova objetiva (28 de outubro de 2026), prova didática e prova de títulos.","ciências biológicas, crbio, pesquisador",PCI Concursos,https://fsainscricao.crmeducacional.com/login/122026,https://www.pciconcursos.com.br/noticias/fundacao-santo-andre-sp-abre-concurso-publico-para-o-cargo-de-professor-colaborador-nivel-i,2026-09-14T01:32:51.154925+00:00,2026-09-21T17:10:58.181113+00:00,2026-09-21T17:11:09.085999+00:00
SEM PRAZO,,,Alta,18,SP,"Prefeitura de Cabreúva - SP abre concurso público com salários de até R$ 11.735,45","R$ 11.735,45","45 Oportunidades, cadastro de reserva, 1 vaga",Prefeitura de Olímpia - SP reabre inscrições para o concurso público com salários de até R$ 9 mil,"A seleção ocorrerá por meio de prova objetiva para todos os cargos, prevista para o dia 20 de dezembro de 2026.","biólogo, crbio, pesquisador",PCI Concursos,https://cabreuva.sp.gov.br/,https://www.pciconcursos.com.br/noticias/prefeitura-de-cabreuva-sp-abre-concurso-publico-com-salarios-de-ate-11735,2026-09-14T01:32:51.154935+00:00,2026-09-21T17:10:58.181130+00:00,2026-09-21T17:11:09.959422+00:00
SEM PRAZO,,,Alta,16,RS,"Prefeitura de Alvorada - RS retifica concurso público com salários de até R$ 18.974,55","R$ 18.974,55","55 Oportunidades, cadastro de reserva, CR","Foram feitas retificações relativas ao prazo de inscrição e à formação exigida para os cargos de Professor de Educação Especial - Deficiência Auditiva, Professor de Educação Especial - Deficiência Intelectual e Professor de Educação Especial - Deficiência Visual.","A seleção compreenderá prova teórico-objetiva para todos os cargos, com aplicação prevista para 29 de novembro de 2026.","biólogo, fiscal ambiental, professor de ciências",PCI Concursos,https://www.institutolegalle.org.br/,https://www.pciconcursos.com.br/noticias/prefeitura-de-alvorada-rs-retifica-concurso-publico-com-salarios-de-ate-18974,2026-09-22T15:39:00.763637+00:00,2026-09-22T15:39:00.763637+00:00,2026-09-22T15:39:05.638375+00:00
SEM PRAZO,,,Alta,16,CE,Prefeitura de Jaguaribe - CE abre concursos públicos com vagas imediatas e cadastro de reserva,"R$ 12.948,01","cadastro de reserva, 2 vagas, CR","Prefeitura de Paracatu - MG prorroga inscrições do concurso público com salários de até R$ 9.600,00","A seleção será composta por prova objetiva para todos os cargos, a ser realizada no dia 29 de novembro de 2026.","ciências biológicas, fiscal ambiental, professor de ciências",PCI Concursos,https://www.jaguaribe.ce.gov.br/,https://www.pciconcursos.com.br/noticias/prefeitura-de-jaguaribe-ce-abre-concursos-publicos-com-vagas-imediatas-e-cadastro-de-reserva,2026-09-14T01:32:51.154903+00:00,2026-09-14T01:32:51.154903+00:00,
SEM PRAZO,,,Boa,11,MA,"Concurso Perícia Oficial (MA) abre 424 vagas com iniciais até R$ 14,6 mil","R$ 4.557,67 a R$ 14.675,58","424 vagas, 76 vagas, 348 vagas",,"A prova objetiva e a prova discursiva serão realizadas na data provável de 10 de janeiro de 2027, com aplicação nas cidades de Balsas, Barra do Corda, Caxias, Colinas, Imperatriz, Pinheiro e São Luís, todas no estado do Maranhão.","biólogo, perito criminal",Concursos no Brasil,https://www.cebraspe.org.br/concursos/PERICIA_OFICIAL_MA_26,https://concursosnobrasil.com/concursos/ma/2026/07/20/concurso-pericia-oficial-ma-abre-424-vagas-com-iniciais-ate-r-146-mil,2026-09-14T01:32:51.154916+00:00,2026-09-14T01:32:51.154916+00:00,
SEM PRAZO,,,Boa,11,SP,Estágio Prefeitura de Sorocaba (SP) anuncia seletivo simplificado,"R$ 720,00 a R$ 900,00",cadastro reserva,Estão abertas as inscrições no processo seletivo para estágio da Prefeitura de,"da banca Centro de Integração Empresa-Escola – CIEE, até a data provável de 25 de setembro de 2026.","ciências biológicas, gestão ambiental",Concursos no Brasil,https://pp.ciee.org.br/vitrine/17342/detalhe,https://concursosnobrasil.com/concursos/sp/2026/09/18/estagio-prefeitura-de-sorocaba-sp-anuncia-seletivo-simplificado,2026-09-18T23:25:51.479695+00:00,2026-09-18T23:25:51.479695+00:00,2026-09-18T23:25:57.723697+00:00
SEM PRAZO,,,Boa,10,SP,Prefeitura de Cajamar - SP abre seleção para cadastro de reserva de professores,"R$ 35,99","cadastro de reserva, 100 vagas, 200 vagas",As inscrições devem ser realizadas no site,"A seleção será feita por meio de prova objetiva, prevista para o dia 1º de novembro de 2026.","crbio, pesquisador",PCI Concursos,https://cajamar.sp.gov.br/,https://www.pciconcursos.com.br/noticias/prefeitura-de-cajamar-sp-abre-selecao-para-cadastro-de-reserva-de-professores,2026-09-21T17:10:58.181167+00:00,2026-09-21T17:10:58.181167+00:00,2026-09-21T17:11:10.841664+00:00
SEM PRAZO,,,Boa,10,SP,"Prefeitura de Caçapava - SP abre concurso público com salários de até R$ 6.871,92","R$ 6.871,92","92 Oportunidades, 1 vaga, CR",Prefeitura de Olímpia - SP reabre inscrições para o concurso público com salários de até R$ 9 mil,A seleção será composta por prova objetiva (prevista para o dia 6 de dezembro de 2026) e prova de títulos para Orientador Pedagógico e Professores.,"crbio, pesquisador",PCI Concursos,https://www.cacapava.sp.gov.br/,https://www.pciconcursos.com.br/noticias/prefeitura-de-cacapava-sp-abre-concurso-publico-com-salarios-de-ate-6871,2026-09-21T17:10:58.181177+00:00,2026-09-21T17:10:58.181177+00:00,2026-09-21T17:11:11.760132+00:00
SEM PRAZO,,,Boa,10,SP,"Prefeitura de Itanhaém - SP abre concurso público com salários de até R$ 6.592,00","R$ 6.592,00","cadastro de reserva, 2 vagas, CR",As inscrições serão realizadas exclusivamente pelo site,"A seleção será composta por prova objetiva para todos os cargos, prevista para o dia 18 de outubro de 2026.","crbio, pesquisador",PCI Concursos,https://www.itanhaem.sp.gov.br/,https://www.pciconcursos.com.br/noticias/prefeitura-de-itanhaem-sp-abre-concurso-publico-com-salarios-de-ate-6592,2026-09-21T17:10:58.181188+00:00,2026-09-21T17:10:58.181188+00:00,2026-09-21T17:11:12.661403+00:00
SEM PRAZO,,,Boa,10,PR,"Prefeitura de Nova Tebas - PR abre concurso público com salários de até R$ 20.616,83","R$ 20.616,83","83 Oportunidades, cadastro de reserva, 2 vagas","As inscrições serão realizadas exclusivamente pela Internet, no site","A seleção será composta por prova objetiva para todos os cargos (prevista para o dia 29 de novembro de 2026), além de prova discursiva, prova prática, peça processual ou prova de títulos para funções específicas.",biólogo,PCI Concursos,https://www.novatebas.pr.gov.br/,https://www.pciconcursos.com.br/noticias/prefeitura-de-nova-tebas-pr-abre-concurso-publico-com-salarios-de-ate-20616,2026-09-14T01:32:51.154945+00:00,2026-09-14T01:32:51.154945+00:00,
SEM PRAZO,,,Boa,10,GO,Prefeitura de Porangatu (GO) oferece 80 vagas em edital de seletivo,R$ 3,"80 vagas, 10 vagas, 20 oportunidades","Processo seletivo Prefeitura de Porangatu, em Goiás, abre inscrições gratuitas para profissionais de nível superior com salários de até R$ 3,2 mil.",,ciências biológicas,Concursos no Brasil,https://porangatu.go.gov.br/aviso/18113/,https://concursosnobrasil.com/concursos/go/2026/09/16/prefeitura-de-porangatu-go-oferece-80-vagas-em-edital-de-seletivo,2026-09-16T23:43:28.826216+00:00,2026-09-16T23:43:28.826216+00:00,2026-09-16T23:43:32.508044+00:00
SEM PRAZO,,,Boa,10,RJ,"Prefeitura de Queimados - RJ abre concurso público com salários de até R$ 11.567,11","R$ 11.567,11","11 Oportunidades, cadastro de reserva, 54 vagas",As inscrições devem ser realizadas exclusivamente pelo site do,As provas objetivas ocorrerão em 20 e 22 de novembro de 2026.,biólogo,PCI Concursos,https://queimados.rj.gov.br/,https://www.pciconcursos.com.br/noticias/prefeitura-de-queimados-rj-abre-concurso-publico-com-salarios-de-ate-11567,2026-09-14T01:32:51.154955+00:00,2026-09-14T01:32:51.154955+00:00,
SEM PRAZO,,,Boa,10,SP,Prefeitura de Santa Gertrudes - SP abre seleção para cadastro de reserva na educação,"R$ 4.073,36 a R$ 900,00","cadastro de reserva, 40 vagas, 100 vagas","As inscrições serão realizadas exclusivamente pela internet, no site do","A seleção será feita por meio de prova objetiva, prevista para o dia 8 de novembro de 2026.","crbio, pesquisador",PCI Concursos,https://www.santagertrudes.sp.gov.br/,https://www.pciconcursos.com.br/noticias/prefeitura-de-santa-gertrudes-sp-abre-selecao-para-cadastro-de-reserva-na-educacao,2026-09-21T17:10:58.181225+00:00,2026-09-21T17:10:58.181225+00:00,2026-09-21T17:11:13.621789+00:00
SEM PRAZO,,,Boa,10,SP,Prefeitura de São Sebastião - SP abre processo seletivo para formação de cadastro de reserva de professores,"R$ 6.106,94","cadastro de reserva, 100 vagas, 200 vagas","As inscrições estarão abertas exclusivamente via internet, pelo site","A seleção constará de prova objetiva para todos os cargos, prevista para o dia 8 de novembro de 2026.","crbio, pesquisador",PCI Concursos,https://portal.imperioconcursos.com.br/,https://www.pciconcursos.com.br/noticias/prefeitura-de-sao-sebastiao-sp-abre-processo-seletivo-para-formacao-de-cadastro-de-reserva-de-professores,2026-09-22T15:39:00.763753+00:00,2026-09-22T15:39:00.763753+00:00,2026-09-22T15:39:06.511023+00:00
SEM PRAZO,,,Boa,9,SP,"Concurso Câmara de Barão de Antonina (SP) paga R$ 6,6 mil em edital",R$ 4,cadastro reserva,Inscrições,"O prazo para se inscrever no concurso será aberto às 8h do dia 23 de setembro e seguirá até a data provável de 21 de outubro de 2026, no",crbio,Concursos no Brasil,https://www.fundacaofafipa.org.br/concurso/4213-concurso-publico-da-camara-municipal-de-barao-de-antonina-sp,https://concursosnobrasil.com/concursos/sp/2026/09/21/concurso-camara-de-barao-de-antonina-sp-paga-r-66-mil-em-edital,2026-09-21T17:10:58.181235+00:00,2026-09-21T17:10:58.181235+00:00,2026-09-21T17:11:14.532086+00:00
SEM PRAZO,,,Boa,9,MG,"Prefeitura de Belo Vale - MG abre concurso público com diversas vagas e salários de até R$ 8.000,00","R$ 8.000,00","00 Vagas, 10 vagas, 1 vaga","As inscrições deverão ser realizadas exclusivamente via Internet, no site",As provas objetivas estão previstas para o dia 13 de dezembro de 2026.,"analista ambiental, fiscal ambiental, meio ambiente",PCI Concursos,https://www.institutoconsulplan.org.br/,https://www.pciconcursos.com.br/noticias/prefeitura-de-belo-vale-mg-abre-concurso-publico-com-diversas-vagas-e-salarios-de-ate-8000,2026-09-14T01:32:51.154964+00:00,2026-09-18T23:25:51.479790+00:00,2026-09-18T23:25:58.730874+00:00
SEM PRAZO,,,Possível,6,MG,"EMATER - MG anuncia retificação de concurso público com salários de até R$ 7.321,75","R$ 7.321,75","75 Oportunidades, 1 vaga, 60 vagas","Prefeitura de Paracatu - MG prorroga inscrições do concurso público com salários de até R$ 9.600,00",A seleção dos candidatos ocorrerá por meio da aplicação de prova objetiva.,"analista ambiental, meio ambiente",PCI Concursos,https://www.emater.mg.gov.br/,https://www.pciconcursos.com.br/noticias/emater-mg-anuncia-retificacao-de-concurso-publico-com-salarios-de-ate-7321,2026-09-18T23:25:51.479807+00:00,2026-09-18T23:25:51.479807+00:00,2026-09-18T23:25:59.742425+00:00
SEM PRAZO,,,Possível,6,MG,"ITABIRAPREV - MG abre concurso público com salários de até R$ 6.280,77","R$ 6.280,77","77 Oportunidades, 5 vagas, 2 vagas",As inscrições serão realizadas exclusivamente pelo site,"O processo de seleção será composto de prova objetiva para todos os cargos, aplicada em 18 de outubro de 2026, com início às 9h15.","analista ambiental, meio ambiente",PCI Concursos,https://www.itabiraprev.mg.gov.br/,https://www.pciconcursos.com.br/noticias/itabiraprev-mg-abre-concurso-publico-com-salarios-de-ate-6280,2026-09-18T23:25:51.479821+00:00,2026-09-18T23:25:51.479821+00:00,2026-09-18T23:26:00.745684+00:00
SEM PRAZO,,,Possível,6,MG,"Prefeitura de Alvinópolis - MG publica edital de concurso público com salários de até R$ 17.954,23","R$ 17.954,23","5 vagas, 1 vaga, 3 vagas","As inscrições serão realizadas exclusivamente via Internet, no site",As provas objetivas e discursivas estão previstas para o dia 24 de janeiro de 2027.,"analista ambiental, meio ambiente",PCI Concursos,https://www.alvinopolis.mg.gov.br/,https://www.pciconcursos.com.br/noticias/prefeitura-de-alvinopolis-mg-publica-edital-de-concurso-publico-com-salarios-de-ate-17954,2026-09-14T01:32:51.154976+00:00,2026-09-14T01:32:51.154976+00:00,
ENCERRADO,2026-09-03,-19,Alta,23,SP,Prefeitura de Embu das Artes - SP divulga retificação de concurso com diversas vagas e cadastro de reserva,"R$ 1.816,52 a R$ 9.745,00","cadastro de reserva, 30 vagas, CR","Também foram alteradas as regras e os prazos para solicitação de isenção da taxa de inscrição, sendo necessário encaminhar a documentação de isenção entre os dias 1 e 3 de setembro de 2026, por SEDEX ou por entrega presencial, conforme as orientações do edital.","O processo seletivo contará com prova objetiva de caráter eliminatório e classificatório para todos os cargos, prevista para os dias 29 de novembro e 6 de dezembro de 2026.","ciências biológicas, crbio, analista de meio ambiente, gestão ambiental, meio ambiente",PCI Concursos,https://cidadeembudasartes.sp.gov.br/,https://www.pciconcursos.com.br/noticias/prefeitura-de-embu-das-artes-sp-divulga-retificacao-de-concurso-com-diversas-vagas-e-cadastro-de-reserva,2026-09-14T01:32:51.154703+00:00,2026-09-21T17:10:58.180736+00:00,
ENCERRADO,2026-09-14,-8,Boa,11,GO,Prefeitura de São Miguel do Araguaia - GO retifica edital de concurso público,"R$ 13.671,34 a R$ 1.500,00","12 vagas, 30 vagas, 5 vagas","Agora, o período para inscrições, envio de documentos para condição especial, comprovação de deficiência, solicitação de tempo adicional e para envio dos documentos comprobatórios da função de jurado(a) vai de 12 de agosto de 2026 a 14 de setembro de 2026.","Agora, o período para inscrições, envio de documentos para condição especial, comprovação de deficiência, solicitação de tempo adicional e para envio dos documentos comprobatórios da função de jurado(a) vai de 12 de agosto de 2026 a 14 de setembro de 2026.","analista ambiental, licenciamento ambiental, meio ambiente, professor de ciências",PCI Concursos,https://saomigueldoaraguaia.go.gov.br/,https://www.pciconcursos.com.br/noticias/prefeitura-de-sao-miguel-do-araguaia-go-retifica-edital-de-concurso-publico,2026-09-14T01:32:51.154740+00:00,2026-09-14T01:32:51.154740+00:00,2026-09-14T01:32:53.338499+00:00
ENCERRADO,2026-09-15,-7,Alta,13,ES,Consórcio Caparaó - ES abre processo seletivo para cadastro de reserva em diversas áreas,"R$ 4.100,00",cadastro de reserva,"As inscrições serão realizadas presencialmente no Escritório do Consórcio Caparaó, no Polo de Educação Ambiental, Rua Principal, s/n, Distrito de Patrimônio da Penha, Divino de São Lourenço/ES, entre os dias 8 e 15 de setembro de 2026, das 8h às 11h e das 12h às 16h.","O processo seletivo consistirá em análise de títulos, entrevista e comprovação de experiência profissional, conforme os critérios previstos no edital.","biólogo, analista ambiental",PCI Concursos,https://consorciocaparao.es.gov.br/,https://www.pciconcursos.com.br/noticias/consorcio-caparao-es-abre-processo-seletivo-para-cadastro-de-reserva-em-diversas-areas,2026-09-14T01:32:51.154754+00:00,2026-09-14T01:32:51.154754+00:00,2026-09-14T01:32:54.435745+00:00
ENCERRADO,2026-09-15,-7,Alta,12,RJ,SES e IASERJ - RJ abrem concurso público com vagas de nível médio e superior,"R$ 7.169,61","4 vagas, 1 vaga, 6 vagas","As inscrições estarão abertas de 17 de agosto de 2026, às 9h, a 15 de setembro de 2026, às 23h59, exclusivamente pelo site","O processo seletivo terá provas objetivas e discursivas, previstas para o dia 1º de novembro de 2026.","biólogo, ecologia",PCI Concursos,https://concursos.ibdoprojetos.org.br/informacoes/103/,https://www.pciconcursos.com.br/noticias/ses-e-iaserj-rj-abrem-concurso-publico-com-vagas-de-nivel-medio-e-superior,2026-09-14T01:32:51.154767+00:00,2026-09-14T01:32:51.154767+00:00,2026-09-14T01:32:55.799191+00:00
ENCERRADO,2026-09-21,-1,Alta,24,SP,Prefeitura de Limeira - SP prorroga inscrições de concursos com vagas em diversas áreas,"R$ 12.873,46","cadastro de reserva, CR, 40 vagas","De acordo com os documentos de prorrogação, as inscrições poderão ser realizadas até o dia 21 de setembro de 2026.","A seleção dos candidatos será composta por provas objetivas para todos os cargos, previstas para os dias 6, 13 e 29 de dezembro de 2026.","biólogo, crbio, analista ambiental, fiscal ambiental, pesquisador",PCI Concursos,https://www.limeira.sp.gov.br/,https://www.pciconcursos.com.br/noticias/prefeitura-de-limeira-sp-prorroga-inscricoes-de-concursos-com-vagas-em-diversas-areas,2026-09-14T01:32:51.154791+00:00,2026-09-21T17:10:58.180808+00:00,2026-09-21T17:10:59.095555+00:00
ENCERRADO,2026-09-21,-1,Alta,18,PR,UNIOESTE - PR retifica processo seletivo para professores de ensino superior,"R$ 852,27 a R$ 5.610,83","cadastro de reserva, Cadastro Reserva, 100 vagas","As inscrições devem ser realizadas de 19 de agosto de 2026 a 21 de setembro de 2026, pelo site","A seleção será composta por duas etapas: prova didática com arguição, realizada online no dia 21 de outubro de 2026, e avaliação de currículo.","ecologia, zoologia, botânica, biotecnologia, genética",PCI Concursos,https://www.unioeste.br/portal/cogeps/concursos/docentes,https://www.pciconcursos.com.br/noticias/unioeste-pr-retifica-processo-seletivo-para-professores-de-ensino-superior,2026-09-14T01:32:51.154777+00:00,2026-09-14T01:32:51.154777+00:00,2026-09-14T01:32:57.010813+00:00
ENCERRADO,2026-09-21,-1,Boa,10,RS,Prefeitura de Agudo (RS) divulga estágio para diferentes níveis de ensino,"R$ 101,75","cadastro reserva, 30 vagas","As inscrições para o estágio de Agudo são gratuitas e podem ser realizadas até 21 de setembro de 2026, no",,ciências biológicas,Concursos no Brasil,https://www.3e.srv.br/processos-seletivos,https://concursosnobrasil.com/concursos/sp/2026/09/15/prefeitura-de-morro-agudo-sp-divulga-estagio-para-diferentes-niveis-de-ensino,2026-09-15T15:40:47.131384+00:00,2026-09-15T15:40:47.131384+00:00,2026-09-15T15:40:47.979084+00:00
